user_name,sex
長田 篤,1
中岡 直也,1
海老澤 俊一,1
山北 優貴,1
里 雄次,1
笹部 直仁,1
山澤 久之,1
徳武 公博,1
井ノ口 章平,1
冨本 将悟,1
木坂 芳裕,1
菊竹 雄大,1
円谷 利彰,1
信田 博紀,1
桐 良人,1
郷司 昭吾,1
前迫 育夫,1
森友 佳希,1
榊原 トオル,1
池ノ上 嘉一,1
葛生 徳宏,1
枝川 山,1
志和 明治,1
茂庭 静男,1
日根野 善晴,1
野戸 康嗣,1
安陪 康貴,1
雨 友保,1
蛙 能成,1
七咲 政紀,1
星村 一紘,1
犬神 オサム,1
石灰 岳久,1
飯生 暁,1
実形 弘三,1
下木場 達磨,1
法条 廣司,1
助 左京,1
外部 洋士,1
伊豫 侑佑,1
魚島 忠章,1
神城 空也,1
亀里 充康,1
縫田 武蔵,1
小管 信人,1
本越 政寛,1
田付 史倫,1
若命 嵩人,1
東家 海都,1
七夜 積,1
久内 壽人,1
上沼 昂祐,1
大岳 隆悟,1
柿倉 剛宏,1
砂塲 雅介,1
肥下 あゆみ,1
大久 卓児,1
押坂 作,1
倉立 大信,1
萬 寛規,1
大島 加奈子,2
島袋 梨紗,2
田端 由里,2
横川 友絵,2
桜 恭子,2
桜木 まいこ,2
芥川 優美,2
伊沢 さゆみ,2
波多江 睦子,2
狩俣 要,2
戸井田 紗綾香,2
西藤 和貴子,2
井桁 麻奈未,2
石郷岡 理映子,2
清松 廣美,2
犬丸 ミユキ,2
鎗田 彩紀,2
紺屋 海帆,2
花田 那央,2
安宅 真幸,2
城崎 夏生,2
江城 加奈代,2
仲沢 菜津希,2
藏元 磨衣子,2
永広 詔子,2
池藤 ミドリ,2
立本 亜唯,2
堀谷 いつこ,2
吹戸 咲紀子,2
東松 瑠理子,2
奥迫 琴世,2
生 朝実,2
出店 裕未,2
寄井 優帆,2
武友 彩帆,2
萱橋 玲良,2
頓所 二三枝,2
鳴子 茉梨絵,2
谷内山 美侑,2
栢原 麻吏,2
上嶋 榛花,2
重広 まゆき,2
房登 美吹,2
伊那 聡里,2
平久 暁美,2
風戸 亜侑,2
狐野 歩奈美,2
榎坂 優美,2
笠利 レイカ,2
鞠山 紗子,2
岸田 仁巳,2
畳家 興子,2
神水 ゆめこ,2
倉淵 虹歩,2
土保 友李,2
谷瀬 友弥子,2
波戸内 初栄,2
河村 亜紀恵,2
入部 カズ子,2
松花 さちの,2
又吉 浩二,1
黒柳 隆一,1
柿原 雅弘,1
諏訪部 貴裕,1
貝沼 一真,1
薮 宏昭,1
上西 浩昭,1
横矢 栄作,1
越後谷 泰平,1
長堂 友貴,1
河辺 恵,1
足田 辰徳,1
紺 孝仁,1
支倉 泰一,1
神代 晃一郎,1
戸ヶ崎 善明,1
佐賀野 文俊,1
小野江 甫,1
能本 紘,1
千枝 政光,1
安土 章人,1
長吉 稔彦,1
峰澤 恵,1
藏 侑希,1
園本 一毅,1
逸見 哲央,1
汐満 隆憲,1
長家 伸郎,1
上溝 悦雄,1
鵜狩 朋晃,1
古子 英児,1
水倉 良広,1
木菱 法明,1
谷宮 吉晴,1
才所 栄樹,1
紅田 昌晃,1
衛本 愼吾,1
西守 政嗣,1
坪子 宏記,1
日榮 宜孝,1
小流 勘太郎,1
広能 潤,1
針貝 幸亮,1
小福田 伸嘉,1
御村 成太,1
多昌 靖成,1
竹西 祥大,1
西春 亮作,1
洲浜 清作,1
木野戸 ひでき,1
神麻 哲浩,1
陸 和嘉,1
汪 洸希,1
飯室 穣治,1
晒谷 勝治,1
奥竹 翔,1
御門 真夫,1
下石 庸治,1
原下 将寿,1
幾瀬 尚英,1
富永 誠,1
仲田 誠二,1
洪 謙太郎,1
板野 隆治,1
手島 典明,1
中濱 雅貴,1
三枝 富夫,1
四ノ宮 尚吾,1
阪野 廣,1
進藤 信人,1
二橋 高幸,1
國光 嘉明,1
古谷野 久之,1
永冶 純哉,1
趙 励,1
飛岡 寛太,1
綱木 稔也,1
羽吹 保行,1
割石 陽治,1
湧井 博夫,1
杉之原 隆昌,1
明田川 洋亮,1
白洲 晃浩,1
浮洲 雄高,1
鋤崎 ゆたか,1
金曽 寿哉,1
敷田 心,1
六川 信光,1
旅人 量,1
串 聖士,1
駒ヶ嶺 靖仁,1
加瀬澤 敏道,1
池堂 真一,1
向野 久喜,1
大礒 太地,1
下郷 俊朗,1
加原 佳高,1
同前 徹次,1
九内 涼馬,1
西川原 吉範,1
敷本 美和,1
錦山 昌稔,1
萬本 寿裕,1
出山 尊裕,1
道下 達央,1
生見 教明,1
国実 上総,1
胡桃沢 月,1
柳迫 典隆,1
飯草 永太,1
折下 年成,1
勝羽 喜範,1
楊枝 賢之,1
山畑 卓久,1
手崎 安一,1
富岳 けんと,1
飯國 兼二郎,1
苫野 賢爾,1
雪絵 宏希,1
問芝 道朗,1
西村 千夏,2
木戸 泰子,2
中瀬 夏希,2
番場 翠,2
石 亜衣子,2
繁田 静江,2
笈川 佳穂,2
永森 友香子,2
渋田 織江,2
刑部 英理,2
薩摩 珠代,2
増村 結美,2
美川 文絵,2
阿佐 光希,2
赤穂 信江,2
久家 朱理,2
荒畑 香寿美,2
蒲 理花,2
岩藤 彩香,2
若 こゆき,2
木野内 梨愛,2
紫村 紗生,2
廣兼 裕実,2
伊川 さな,2
八ツ田 治香,2
仲森 悦美,2
林川 玉緒,2
馬路 三紗子,2
田家 真幸,2
猪村 紅美子,2
萩島 侑華,2
伊野波 実紀子,2
横打 里永子,2
小山石 瑛莉,2
正山 暖子,2
川底 弥寿子,2
恵 愛紀,2
餅原 圭恵,2
上福浦 愛里菜,2
清高 絵理華,2
齊川 茉梨絵,2
河淵 由子,2
久国 靖香,2
佐奈 滝子,2
阿尾 英花,2
一橋 梨々子,2
方 珠姫,2
火ノ川 ハルナ,2
合場 憂衣,2
鯛中 真沙代,2
柳 亜佑実,2
海治 彩智,2
多児 朝菜,2
有須 朝佳,2
運上 亜生,2
適当 香於里,2
得字 奈津帆,2
姫松 結那,2
下石 季枝,2
鴻崎 栞南,2
森川 幸治,1
上地 信一,1
龍 隆史,1
藤平 裕志,1
丸茂 憲明,1
我那覇 耕介,1
生井 一弥,1
坂内 正紀,1
親川 二朗,1
寺崎 弘毅,1
宗田 悠二,1
提坂 克敏,1
細萱 順一郎,1
雪竹 彰洋,1
駒橋 寿夫,1
四柳 聖,1
流 義紀,1
角村 利哉,1
永浦 哲之,1
目崎 達人,1
官野 浩晃,1
檜野 俊弥,1
幾島 友二,1
片渕 大一郎,1
八須 尚,1
荒賀 友成,1
識名 美智雄,1
碓田 清昭,1
大宅 佳英,1
和藤 有亮,1
小和田 剛生,1
庵原 初男,1
道重 敏生,1
辻永 ただし,1
魚地 充,1
阿加井 優生,1
立尾 基和,1
入原 啓幸,1
馬塲 虎,1
明原 満弘,1
野乃 光将,1
安諸 理樹,1
音石 優磨,1
隈原 寿裕,1
梅染 友憲,1
能津 義知,1
山入 誠之,1
多気 京太,1
興梠 昌実,1
荻間 末広,1
徳脇 祥史,1
真国 正展,1
伊場野 暁紀,1
東田 浩邦,1
源田 正見,1
国近 光治,1
沢水 近,1
筒泉 保二,1
樫葉 則生,1
多葉田 しげお,1
河村 幸弘,1
野中 学,1
柿崎 佑,1
畠中 塁,1
日浦 健夫,1
佐多 格,1
大木 陵,1
城 利雄,1
中河 朋彦,1
川松 彰浩,1
吉藤 賢悟,1
西端 一嘉,1
白柳 光治,1
門奈 大喜,1
詫摩 信久,1
蒔苗 宏太郎,1
島影 貴啓,1
奥屋 静雄,1
仁田原 邦浩,1
樹山 良人,1
圓子 昭吾,1
善波 隆志,1
三武 謙,1
四月一日 充男,1
大漉 和己,1
真琴 広司,1
伊佐次 潤司,1
曽良 安生,1
宇美 純希,1
五十畑 寿昭,1
大尻 忠俊,1
田雑 元基,1
中源 遥介,1
三賀森 史崇,1
長 知晴,1
粕壁 亮磨,1
佐奈 慶二郎,1
榎土 敦則,1
三和田 章典,1
梅染 茂人,1
海口 謙志,1
柏井 光宣,1
水田 健広,1
椹 篤実,1
尾北 良次,1
廣西 泰輝,1
舘谷 吉康,1
奈良尾 義雅,1
漆川 大,1
潮永 嘉崇,1
加知 将直,1
東司 勝己,1
媚山 貴重,1
最高 優文,1
阿彦 雅澄,1
小副川 輝敏,1
田染 桂司,1
津和 宜典,1
鯉 輝章,1
矢立 集,1
佐藤 康平,1
鈴木 幸治,1
根本 正裕,1
坪内 孝文,1
浜 涼平,1
原島 譲二,1
白浜 浩貴,1
安宅 雄飛,1
的野 佳和,1
新地 一昭,1
日比谷 眞一郎,1
徳武 準也,1
守本 泰祐,1
引野 邦生,1
斉川 実,1
根石 光久,1
武士 喜一,1
末益 恭之,1
凌 達,1
木野田 厚司,1
南沢 文和,1
向田 章史,1
大富 義道,1
黒目 洋貴,1
由田 健弘,1
奥苑 一晴,1
行岡 和平,1
堀居 佳洋,1
南村 たかひろ,1
山瀧 琢己,1
貞光 祐樹,1
瀬戸崎 大史,1
樫谷 シンジ,1
緋村 竜三,1
戸倉 雅尚,1
久守 宏実,1
北出 大騎,1
谷垣内 久彦,1
遠島 淳雄,1
按田 翔二,1
成行 法雄,1
山美 洋児,1
問山 匡伸,1
伊島 孝美,1
丹生 宗司,1
谷北 充敏,1
古南 理,1
中島谷 毅一郎,1
下木原 浩雅,1
馬江 栄造,1
海崎 泰光,1
源嶋 堅也,1
山竹 寿成,1
三里 義朋,1
百花 旭弘,1
尾羽沢 衆,1
玉 孝典,1
四至本 篤輝,1
幸泉 芳忠,1
劔持 太樹,1
平岡 智志,1
西澤 大典,1
一ノ瀬 卓矢,1
前川 雅大,1
河本 涼平,1
楢原 直己,1
大畠 光一郎,1
茂呂 宏一郎,1
澁谷 紳一郎,1
下元 晃一郎,1
丹澤 敬史,1
國澤 泰治,1
立澤 峻介,1
一ノ宮 元治,1
多久和 晴信,1
砂糖 一光,1
岩森 元洋,1
尾下 良憲,1
吉留 昌良,1
門川 昌巳,1
神場 浩太朗,1
伊集 徹男,1
葛谷 充,1
西手 元貴,1
浮田 雅司,1
朱宮 則文,1
松矢 僚平,1
武沢 元則,1
米本 大希,1
角掛 寛則,1
寺越 厳,1
待田 紘大,1
上町 真紀,1
上木 保仁,1
羅 隆一,1
菅俣 基雄,1
上小路 広則,1
湊谷 伸年,1
神農 翔司,1
部屋 貴郁,1
吉門 義宗,1
髙月 直司,1
床本 剛一郎,1
権正 俊之介,1
土濃塚 大一,1
徳淵 崚太,1
晋川 喜治,1
市根井 宏弥,1
畑 光志,1
岸添 安裕,1
大木本 優文,1
萩間 智海,1
芦 隆暁,1
忍足 倫,1
山来 良馬,1
完倉 梅太郎,1
鍛治川 憲彰,1
出来尾 一郎太,1
師崎 達貴,1
野表 英靖,1
藤井 太郎,1
宮本 正弘,1
澤村 祐,1
西塚 凌,1
宮腰 眞,1
島谷 将史,1
宮林 憲二,1
藤塚 康男,1
貝瀬 雄大,1
森竹 裕司,1
御船 輝久,1
市之瀬 正臣,1
國府田 憲吾,1
琴 新也,1
私市 匡史,1
春井 勝裕,1
竹崎 浩,1
伊草 賢志,1
笠木 利彰,1
辻塚 雅啓,1
川面 幸大,1
欠端 憲次,1
正地 好文,1
窪倉 信仁,1
礒谷 嘉夫,1
喜多島 直起,1
志賀野 宏則,1
須浪 敬行,1
鮎澤 邦義,1
臼見 士,1
大利 忠俊,1
鬼嶋 吉浩,1
諸山 翼,1
片庭 治幸,1
楠葉 紘介,1
奥木 智司,1
布浦 拓歩,1
勇元 章良,1
百生 寅次郎,1
築谷 春仁,1
渡引 淳児,1
棟安 博実,1
阿波加 充敏,1
幸桐 信春,1
井貝 統,1
小梛 公喜,1
水民 恭典,1
塗矢 宏治,1
西蓮寺 欣伸,1
府瀬川 崇充,1
横飛 直芳,1
光城 隆匡,1
産賀 象,1
上居 文一,1
小神 耕亮,1
正久 尚正,1
密野 雅高,1
鈴 聖大,1
岡根谷 玉樹,1
瀧岡 蒼,1
野村 大輔,1
宇佐美 順,1
谷田部 春樹,1
池松 淳平,1
海老根 正勝,1
石部 直弥,1
藤橋 耕太,1
下西 勝博,1
薗部 泰孝,1
楢木 功,1
有島 雅生,1
浦木 淳夫,1
西角 秀也,1
犬童 正志,1
仁 知紀,1
織戸 雅嗣,1
髙坂 義規,1
小野間 忠和,1
高信 雅斗,1
阪根 政晴,1
薛 直洋,1
柾谷 寿洋,1
園本 宏紀,1
味沢 宏彦,1
四谷 連,1
数 利隆,1
饒平名 照章,1
鹿目 武浩,1
保田 靖貴,1
時永 憲文,1
森橋 和康,1
桐谷 信吉,1
組橋 年史,1
一番ヶ瀬 侑磨,1
羽 由一,1
正富 秀政,1
樽石 和年,1
友平 千治,1
有家 和規,1
山江 京一郎,1
江代 孝啓,1
栗正 芳也,1
乃万 馨一,1
小福田 まなぶ,1
松ノ木 育郎,1
? 亮博,1
山入端 知基,1
岸森 信親,1
連山 庄太,1
田蔵 孜,1
真 晃正,1
冨士村 樹生,1
勝藤 晴文,1
小比賀 文寿,1
美濃川 延夫,1
益弘 大気,1
井根 森太郎,1
萩行 由治,1
目叶 久昭,1
下向井 守和,1
野田 正明,1
篠原 孝雄,1
大浦 光司,1
荒巻 馨,1
鬼塚 太朗,1
我妻 克之,1
倉林 正男,1
大口 康広,1
槇 士郎,1
田 達男,1
槙 重行,1
中前 哲志,1
剣持 鷹,1
佐多 勝昭,1
辻中 美樹,1
亀川 嘉樹,1
好川 遵,1
梅森 琢矢,1
曾根 諭司,1
南谷 善一郎,1
冬木 きよし,1
稲荷 涼佑,1
能城 安男,1
諸澤 智実,1
森次 知仁,1
葛島 史仁,1
初芝 孝征,1
新宮 元成,1
齋籐 清宏,1
牛渡 晃樹,1
梅崎 元則,1
藏野 衞,1
荒戸 友春,1
興 史門,1
二条 ユタカ,1
友兼 知良,1
居谷 敦浩,1
篠藤 聖史,1
長滝 たかお,1
藤王 素直,1
伝法谷 彰典,1
小野塚 晨,1
駒木根 利廣,1
長通 崇憲,1
渡辺 厚樹,1
飴本 知克,1
時信 寿郎,1
倉片 昌実,1
玉尾 貫一,1
七河 淳宏,1
金藤 洋生,1
有家 秀己,1
二枚田 直司,1
土蔵 翔,1
暮部 祐理,1
渡島 誠仁,1
徐 紀郎,1
茂倉 伊作,1
手崎 尚英,1
西開地 厚宏,1
阪口 康介,1
白木 伸之,1
瀧 晃弘,1
安河内 俊平,1
油井 恭輔,1
小尾 亮祐,1
川浦 清彦,1
井波 康司,1
井阪 昌洋,1
我喜屋 克実,1
五代 惠一,1
佐塚 基弘,1
大坊 明良,1
水垣 良男,1
祇園 寿史,1
巖 拓史,1
植 建次,1
八柳 昭次,1
霜山 芳憲,1
名井 靖則,1
釣谷 勧,1
山足 巧一,1
八藤後 雅教,1
荒河 裕泰,1
宇治原 愼也,1
加倉 文寛,1
弥富 貴伸,1
波間 秀志,1
伯野 秀希,1
臼見 博治,1
和澤 友春,1
小佐田 行秀,1
北永 連太郎,1
小鯖 孝範,1
小瀬 浩弥,1
畑仲 憲道,1
辻角 乾,1
真宮 律雄,1
片田江 凪,1
谷相 亮,1
聖徳 敦之,1
家次 利樹,1
應本 亘弘,1
今浦 成希,1
英二 浩吉,1
徳内 伸征,1
佐成 裕高,1
橋戸 新作,1
千宮 洋康,1
岩井川 雅宣,1
早原 陽之助,1
小藥 克嘉,1
吉嗣 宏二郎,1
埒 瞬一,1
横飛 輝洋,1
三次 成佳,1
関藤 寿紀,1
今針山 敬,1
幸泉 真憲,1
岡崎 江,1
川合 勝彦,1
幸田 雅,1
石森 智康,1
小木曽 尚輝,1
大上 泰夫,1
駒崎 久也,1
乙部 元昭,1
猫 晃佑,1
川東 雄希,1
光森 敏則,1
才田 信秀,1
籔本 一城,1
桐ヶ谷 成行,1
辻尾 整,1
奥林 正朗,1
東内 勇斗,1
新潟 将則,1
佐相 一芳,1
幸松 真己,1
伊久美 慶久,1
西之原 智晃,1
亀高 秀三,1
矢田貝 立也,1
高張 昂大,1
柏浦 崇洋,1
木和田 昭光,1
甲谷 了輔,1
大芦 久善,1
堀辺 建太朗,1
側 匡洋,1
鎌内 貴利,1
謝敷 正稔,1
札 芳,1
埴田 龍太郎,1
阿久戸 勝茂,1
荻久保 篤夫,1
柏柳 佑起,1
次原 滋雄,1
岩柳 紀貴,1
夕樹 玄一郎,1
荻根沢 淳三,1
正和館 鉄弥,1
間塚 涼司,1
乗冨 伸貴,1
逸原 雅邦,1
松金 隆樹,1
真本 嘉生,1
藤成 武巳,1
阿賀谷 恭生,1
見通 宗正,1
堀米 孝嗣,1
宮邉 竜樹,1
作花 嘉希,1
渡口 倫,1
光橋 景司,1
嘉多山 宏文,1
藤恵 暁紀,1
影嶋 年秀,1
神川 洋伸,1
気仙 昭芳,1
濱野 秀之,1
高 雅裕,1
若月 洋之,1
牟田 克典,1
杉森 泰輔,1
森澤 友也,1
丹 哲,1
日本 博章,1
浜辺 晴夫,1
海老沼 勇也,1
尾高 崇博,1
笹崎 聖司,1
元吉 充彦,1
上坂 克敏,1
橋谷 順一郎,1
餅田 暢,1
雫 出,1
野秋 匡史,1
紅谷 知秀,1
浜砂 泰大,1
紫藤 亮太朗,1
大小田 譲司,1
志戸 有,1
上平 尊,1
木室 公宏,1
牧野田 香,1
飯 信二郎,1
膳 精二,1
明村 遥平,1
宮越 貴教,1
柏野 憲一,1
永由 好一,1
須黒 亮吾,1
厚谷 功祐,1
榑沼 昌章,1
楠生 道哉,1
梶澤 ひとし,1
外木 基治,1
白矢 正造,1
濱近 基紀,1
荒張 州,1
大木戸 久孝,1
神郡 貴由,1
浜木 玲児,1
蒼月 靖二,1
猪早 純貴,1
吉ヶ崎 有恒,1
利根 康展,1
清吾 凜太郎,1
氏政 靖啓,1
名子 馨一,1
祐野 善輝,1
田木 富美夫,1
築達 竜樹,1
戸叶 大成,1
秋菜 英彬,1
出来尾 嘉規,1
和音 敦人,1
要海 利貞,1
丹場 直機,1
内野 哲郎,1
二瓶 康,1
矢澤 大作,1
橋詰 貴洋,1
日吉 伸彦,1
薬師寺 泰介,1
那須野 忠義,1
伊地知 正史,1
関島 恭弘,1
中薗 康,1
塩飽 泰佑,1
川岡 一紀,1
夏木 将大,1
定永 啓志,1
大音 智範,1
牛澤 信樹,1
小鷹狩 孝和,1
彌永 征一郎,1
鳴滝 元晴,1
角銅 英作,1
濱脇 義将,1
湖東 善治,1
丸一 知生,1
澤田石 勇馬,1
桶屋 幸村,1
麻上 圭造,1
桑迫 将浩,1
保山 政巳,1
針 康三,1
草部 成典,1
津元 紘輔,1
則元 大史,1
吉町 穣二,1
俵積田 祐二郎,1
吉広 貴善,1
阿島 勝廣,1
那智 重彦,1
武口 有作,1
寳來 一海,1
門平 新人,1
樽石 弘雅,1
角尾 啓多,1
上向 成典,1
舞木 大哉,1
倉益 清次,1
寿栄松 広則,1
礒見 秀二,1
金戸 銀時,1
二貝 久永,1
押坂 広成,1
木吉 拓士,1
麻郷地 悦次,1
本角 慶仁,1
今地 英造,1
平葉 ゆきお,1
洲上 照人,1
玉 義朋,1
養安 典人,1
茶茶 真佐人,1
安月 雄山,1
寺本 諭,1
奥 淳二,1
加瀬 友則,1
神野 秀文,1
佃 正晴,1
小竹 博久,1
竹野 太一郎,1
稲毛 将士,1
小針 信次,1
小柳 照久,1
寺口 隆三,1
中台 俊史,1
友岡 靖志,1
藍川 忠広,1
若佐 祐之,1
高丸 昭文,1
長渡 昭徳,1
冨松 竜平,1
宮原 完治,1
雫石 和昌,1
古米 昌憲,1
宇佐川 皓介,1
沢崎 光敏,1
馬上 惇史,1
当間 広文,1
茂村 征也,1
龍 元太郎,1
三重 有治,1
粂内 武寛,1
村佐 慶治,1
水洗 泰生,1
楠林 寿昭,1
曽良 貞信,1
和座 哲久,1
細倉 樹生,1
垣田 勝茂,1
彌永 由博,1
得永 泰希,1
志自岐 嘉春,1
貝阿彌 洋児,1
西槙 忠美,1
多岐川 良次,1
射越 治輝,1
箕野 原,1
藍場 暁久,1
宇戸谷 哲臣,1
引口 聡,1
安倍川 光彰,1
日番谷 明成,1
錦古里 貴尚,1
百中 隆美,1
加根魯 梅太郎,1
入交 弘嗣,1
柳河 耕祐,1
富岳 星哉,1
合津 拓耶,1
渡口 文良,1
下濱 研斗,1
鈴見 太士,1
大生 千代志,1
雨宮 祐介,1
中上 真也,1
宮入 光太郎,1
菅家 友也,1
倉掛 紀彦,1
愛澤 正仁,1
持木 正直,1
川南 真大,1
土倉 嘉久,1
舛井 輝男,1
畔蒜 竜之介,1
連 忠久,1
千々松 規雄,1
山極 義範,1
櫻岡 弘平,1
鶴留 昌良,1
酒瀬川 友亮,1
中廣 也寸志,1
諸見 宏徳,1
新藤 博雄,1
寒川 靖治,1
飯 雅,1
鹿久保 義教,1
片峯 友貴,1
新里 利憲,1
関家 広章,1
英 一記,1
桑井 慧介,1
友石 克次,1
仁田坂 紀孝,1
木我 重孝,1
赤穴 孝秀,1
荒瀧 龍吾,1
四ツ田 公樹,1
此下 修輔,1
漢字 考宏,1
野相 紘,1
城迫 幸,1
提 孝亮,1
廣口 竜弘,1
髙本 翔二,1
下河内 洋典,1
笹葉 道正,1
道免 悠三,1
豊秀 悟空,1
広戸 寿樹,1
仁谷 督,1
森玉 駿人,1
稗方 靖徳,1
朽津 久喜,1
顔 伸好,1
斉尾 雫,1
国部 友志,1
能上 俊満,1
原口 史大,1
沢水 淳宏,1
新里 紘嗣,1
重川 兼義,1
武者小路 恒宏,1
雪絵 湧貴,1
中根 亮太,1
高見 宏樹,1
中沢 宏幸,1
浦川 敏明,1
熱田 将,1
小浜 馨,1
増川 泰明,1
上地 秀徳,1
阿藤 一希,1
神子 啓祐,1
和久田 尚弘,1
米光 海人,1
良知 敏広,1
西辻 啓史,1
常見 正法,1
大貝 忠久,1
酒本 真司,1
入部 照明,1
竜田 芳紀,1
鮎田 祐喜,1
小藪 良裕,1
諸澤 和好,1
作村 宣幸,1
粟生 嘉隆,1
小豆 美樹,1
瀬端 峰男,1
古塚 茂喜,1
来田 慎史,1
糸田川 利憲,1
口野 秀亮,1
佐味 京太,1
鴫山 佳晃,1
椛 和真,1
飴山 政英,1
辻澤 昭和,1
神前 幸紘,1
雨野 修人,1
名生 光宣,1
生地 一,1
松 晴敏,1
圓札 宏尚,1
酒元 生,1
藤信 成美,1
沖宗 忠美,1
矢光 研作,1
安久 省吾,1
金涌 大幹,1
荒砥 眞宏,1
禅野 富三,1
久田原 俊矢,1
仲庭 晃史,1
公家 法人,1
渡谷 春美,1
東方 倫典,1
湾 慶弘,1
厚澤 寿美,1
熱尾 慶大,1
嘉多山 廣太,1
柱山 達真,1
神浦 通宏,1
山本 康浩,1
遠山 哲,1
高部 剛士,1
古藤 光浩,1
寒川 知哉,1
海谷 眞人,1
中塩 一典,1
高江 拓,1
滝波 祥宏,1
垣原 英仁,1
有藤 輝行,1
水溜 利英,1
神立 求,1
? 弘平,1
中久木 和将,1
中峰 政直,1
柚原 寛也,1
市居 征人,1
鳳凰院 賢輔,1
武輪 哲広,1
幡中 嘉一,1
麻柄 佑二,1
保本 浩巳,1
樽味 幸康,1
世継 芳光,1
道祖 善也,1
三日月 宏昌,1
砂子 洋生,1
大旗 嘉高,1
田部田 好,1
重長 幸保,1
山葉 大蔵,1
椙浦 康訓,1
生頼 紀一,1
鐘川 美樹雄,1
間尾 誠志,1
太夫本 純郎,1
本藏 隆喜,1
旭堂 光星,1
大樫 勇大,1
入部 武正,1
半 慧人,1
生水 晨,1
新門 剛治,1
船生 ヨシユキ,1
吉規 森彦,1
斉吉 義知,1
岡島 彰広,1
樋屋 貴朗,1
世川 育伸,1
八田 良造,1
咲月 光晃,1
阿左見 大補,1
改森 要二,1
竹好 宏尚,1
楢戸 典利,1
作花 晃啓,1
中守 耕亮,1
緑野 剛秀,1
西ケ谷 達,1
寺澤 貴志,1
金丸 真二,1
小高 功一,1
島川 智幸,1
重富 雅志,1
内倉 玄,1
瀧下 歩,1
常川 一将,1
安野 義晴,1
烏山 宏光,1
嘉悦 有司,1
古後 尚平,1
碇山 陽輔,1
正能 浩史,1
野網 耕輔,1
向原 智寛,1
鳴川 忠久,1
池宮城 駿太,1
棟近 則男,1
釋 友広,1
小野地 真太朗,1
海本 弘平,1
行 成司,1
伊能 昭三,1
明本 清正,1
管原 幹郎,1
花ヶ崎 泰也,1
紅露 弘充,1
忠政 伸光,1
戸森 政貴,1
宮上 憲一,1
見附 佳文,1
玖島 安浩,1
大里 新介,1
龍川 久範,1
沼間 嘉紀,1
蟇目 禎彦,1
冨久 次雄,1
潟山 大毅,1
谷矢 元希,1
赤 タケル,1
當田 蘭,1
実光 一翔,1
國丸 英昌,1
日樫 貴郁,1
升山 嗣人,1
尾白 克宜,1
越能 利廣,1
諸頭 保昭,1
守富 賢明,1
? 義充,1
斗光 太樹,1
相嘉 琢実,1
邑田 義宣,1
道順 皓,1
太齊 昌太朗,1
関端 納,1
二串 史顕,1
村穂 朝昭,1
鶴目 成人,1
南雲 和雄,1
磯辺 雄大,1
大仲 崇史,1
浜名 顕,1
澤柳 敬三,1
生出 昌明,1
松代 啓吾,1
武吉 悟,1
佐 裕也,1
乳井 剣,1
関水 崇浩,1
撫養 浩典,1
土肥 春雄,1
名井 悠生,1
栢原 慎二郎,1
仙崎 友,1
納庄 隆大,1
豊臣 秀郎,1
城本 慶治,1
橋爪 秀哉,1
江河 謙,1
戸栗 正年,1
河森 一慶,1
亀和田 拓摩,1
駒走 徳生,1
高泉 政嗣,1
太地 豪志,1
宗森 泰生,1
阿辺山 寿行,1
後安 満明,1
伊知地 建太朗,1
田峰 法生,1
塚部 善正,1
戸内 岩雄,1
銀 龍志,1
野津 雅充,1
稲寄 英俊,1
松 有史,1
金兵 聡也,1
冨長 新二郎,1
広辻 好久,1
崎島 俊美,1
細居 通弘,1
大歯 晃彦,1
珠久 淳之,1
夕未 宏成,1
根城 久紀,1
垂澤 雅二,1
生原 泰,1
魚返 新作,1
長畔 一朗,1
七倉 昌康,1
登倉 文吉,1
阿彦 かずお,1
迫 洋之介,1
濱江 元重,1
久崎 立太,1
伊利 まさみ,1
外囿 英志,1
池治 寿紀,1
稲村 雄介,1
大里 卓,1
笹川 尚樹,1
新木 聖也,1
谷中 耕治,1
泉山 雄大,1
高槻 博信,1
沼口 直孝,1
瀧下 文隆,1
戸梶 晴之,1
牛窪 良則,1
秋枝 清明,1
尾嵜 政孝,1
長棟 吉伸,1
苅込 正弥,1
松月 将明,1
小幡 敏志,1
太谷 尊,1
識名 文貴,1
鎌苅 公一,1
牛草 昌一,1
多和 直太,1
二上 道隆,1
大櫛 悠史,1
黒丸 偉,1
裕 浩嗣,1
小永井 宗,1
並里 大希,1
安食 充志,1
浦里 淳士,1
丹上 傑,1
伊勢川 高彰,1
吉ノ薗 年雄,1
埴田 弘尚,1
錫木 和年,1
宮ノ腰 佳郎,1
栄 竜弘,1
向殿 孝弥,1
金友 晃人,1
津戸 隆人,1
小足 晴幸,1
升尾 龍宏,1
平中 正哲,1
大堂 忠,1
門崎 裕麻,1
千地 昌春,1
権田原 大幹,1
内八重 圭児,1
大豆生田 太作,1
寄崎 黒,1
南岡 澪,1
今隈 良造,1
藤ノ井 祥彦,1
末方 敬典,1
谷居 昂一,1
張 智広,1
小船戸 剣一,1
木工本 拓希,1
兵 亮達,1
池角 弘英,1
海老原 良,1
小橋 拓人,1
衛藤 大和,1
箕輪 寛,1
浅岡 岳,1
山際 浩也,1
上坂 一紀,1
朝田 秀輝,1
松戸 光利,1
照沼 拓,1
岩島 敦之,1
眞壁 公輔,1
大渕 啓,1
平下 桂太郎,1
二俣 将貴,1
老川 幸生,1
髙岡 敏志,1
日田 英弘,1
奥地 達人,1
月成 英作,1
奈良坂 みつる,1
手操 泰人,1
劒持 宗範,1
鷹森 茂喜,1
紅葉 大洋,1
栃山 剛太,1
谷ヶ崎 秀道,1
奈村 良晴,1
桑迫 利徳,1
樋詰 盛雄,1
富元 由祐,1
永瀧 大,1
小鯖 宏仁,1
草部 敬士,1
田野辺 駿,1
宮定 清則,1
中代 綾人,1
罇 充,1
関嶋 烈,1
合場 然,1
棈木 宏敏,1
久和野 嵐,1
志築 優矢,1
八王子 明輝,1
佛坂 善典,1
鐘築 博登,1
竹味 広則,1
舛澤 雄士,1
椙江 正倫,1
時谷 昌佳,1
経堂 龍佑,1
京堂 盛和,1
遠塚 友憲,1
羽座 秋生,1
上醉尾 優士,1
三ケ尻 英海,1
卜 龍亮,1
二位 弘務,1
琥 丈一,1
町島 紳司,1
島田 祐輔,1
野々村 勇介,1
大池 勝利,1
谷藤 伸幸,1
粟津 晋也,1
海老根 信,1
大藪 正人,1
波田野 徹,1
武岡 正晃,1
稲野 勝哉,1
大曲 優,1
彫 信広,1
才木 祐基,1
田鍋 隆章,1
絹川 雄大,1
向笠 周三,1
朝見 秀太郎,1
芦塚 泰憲,1
三ヶ島 敦生,1
小櫃 一八,1
金盛 昌晃,1
続木 昂大,1
小針 昌太郎,1
上井 幸義,1
柳 育也,1
堂馬 祥貴,1
柳堀 ジョン,1
孝橋 僚平,1
幸尾 広介,1
桶屋 秀洋,1
中新井 工事,1
三佐和 春喜,1
畑島 久善,1
四十物 康充,1
仙敷 時生,1
羽尻 平太,1
物 彬人,1
佐次田 尚矢,1
紅井 寛大,1
出山 寛紀,1
城澤 克好,1
小 恒,1
柳戸 行博,1
純浦 文広,1
壁山 雅仁,1
久藤 正武,1
宇戸谷 郁弥,1
蒲生 俊英,1
親木 秀佳,1
権田原 君夫,1
雪谷 信介,1
豊住 雄二朗,1
久木山 浩人,1
藍井 誉人,1
炎髮 宏安,1
碇谷 ツヨシ,1
尻無浜 謙也,1
下松 栄光,1
江縁 允彦,1
天沢 好樹,1
川合 正道,1
平尾 大樹,1
湊 貴也,1
三尾 佳宏,1
市毛 憲明,1
磯本 卓弥,1
霜鳥 啓祐,1
才田 聖,1
矢ヶ部 正法,1
日沼 隼一,1
権 渓,1
門谷 和矢,1
直木 辰男,1
久利 守弘,1
定政 佑輝,1
小縣 健吉,1
須戸 昭義,1
君嶋 秀貴,1
波塚 隆晴,1
上柳 雅央,1
花松 ひろき,1
龍野 猛夫,1
大内山 拓摩,1
新内 功祐,1
毛内 善太郎,1
坪崎 真希,1
大東 友隆,1
肌野 敬洋,1
鐵 祐史,1
藤賀 史仁,1
盤若 卓夫,1
ひばり野 彰一郎,1
圓岡 真秀,1
落藤 照,1
鷹城 然,1
山王堂 宏規,1
梅花 志信,1
亀若 幸保,1
大墨 山,1
鞠 信敬,1
請盛 茂人,1
母良田 浩弥,1
矢座 康一朗,1
金涌 佐助,1
大椛 規仁,1
案山子 寛徳,1
佐茂 隆二郎,1
二司 不二雄,1
北谷内 保範,1
込田 海平,1
北峰 善照,1
畳谷 晃博,1
谷迫 俊満,1
富長 真木,1
土井下 敦紀,1
古今亭 真仁,1
相賀 博重,1
下川路 怜,1
虫壁 悟一,1
井瀧 盛弘,1
北村 竜也,1
上村 貴裕,1
大沼 智一,1
玉置 崇之,1
高良 将也,1
中條 旭,1
石渡 雅行,1
三橋 隆裕,1
寺前 紘平,1
渡井 聖,1
羽藤 雄次,1
原崎 光,1
加賀山 勝俊,1
荒岡 重夫,1
桐本 英希,1
熊谷 実,1
村手 雅道,1
栢森 雅嗣,1
名古 亮次,1
奥田 知範,1
戸根 竜生,1
下宮 信平,1
廻 瑛司,1
猪岡 和廣,1
沼上 永一,1
友原 真作,1
穐吉 宇,1
湯ノ口 隆臣,1
溜 純輝,1
弥生 朋典,1
下地 公信,1
垣尾 将克,1
油野 拓史,1
阪尾 えいじ,1
南都 裕伸,1
植芝 義次,1
百崎 英悟,1
青本 雅年,1
新木場 兼次,1
引木 弘晶,1
愛媛 美宏,1
齋場 勇登,1
坂之下 尚寛,1
粂谷 堅一郎,1
至極 雄揮,1
垣貫 満徳,1
小井戸 謙造,1
埜田 紀博,1
房原 照晃,1
埜藤 浩気,1
池久保 博重,1
菱垣 孝宜,1
古瀬村 尊彦,1
島宮 強平,1
牛根 槙人,1
槌尾 浩之,1
吹留 浩央,1
講神 享宏,1
三行 喜憲,1
目玉 篤之,1
稲垣 誠,1
大和 俊彦,1
岩波 恵一,1
倉岡 晋平,1
古関 治彦,1
矢本 龍介,1
新納 大佑,1
杉中 順司,1
柳谷 正悟,1
各務 浩紀,1
井草 重徳,1
仲道 晃太,1
梅井 英信,1
真嶋 泰秀,1
上尾 真典,1
長久 幸希,1
岡根 優太郎,1
成島 良昌,1
駒林 輝和,1
東根 龍郎,1
保戸塚 隆也,1
天才 丈治,1
石下 慶典,1
出石 道則,1
南保 真道,1
梓澤 尚毅,1
舩戸 史浩,1
竹田津 公仁,1
新ヶ江 省悟,1
鳩 草平,1
万代 弘久,1
不老 裕弘,1
中寺 克次,1
登根 治生,1
金近 伸一朗,1
持舘 元哉,1
釘村 輝芳,1
寿美 正朋,1
大倉野 秀嗣,1
羽月 荘太,1
谷倉 久,1
川染 友一郎,1
河知 カルロス,1
川戸 徳男,1
上林山 由紀,1
二貝 秀二,1
亀崎 宣洋,1
百地 泰郎,1
美宅 裕顕,1
四井田 馨一,1
檜村 万平,1
小路島 洋美,1
坪上 峻吾,1
福頼 亮児,1
好崎 隼太,1
山座 宜典,1
槐 直路,1
呉竹 実樹,1
濱弓場 航汰,1
河和 恵多,1
杉浦 克彦,1
高村 敏之,1
小柴 敏,1
柳下 龍,1
綾瀬 孝司,1
田久保 陽一郎,1
米良 隆博,1
砂山 宗一郎,1
沢 義孝,1
羽深 正也,1
楠木 雅則,1
芳本 裕太郎,1
森河 格,1
大菅 崇行,1
普久原 準一,1
古宮 徳彦,1
榎原 知洋,1
大胡 修也,1
菊嶋 秀也,1
小堂 勝洋,1
鬼崎 岳夫,1
兼澤 春男,1
良田 竜一郎,1
朝子 修久,1
久次 信悟,1
檜原 洋昭,1
宗平 翔伍,1
氏間 達樹,1
山広 英三,1
草津 一登,1
寒竹 順三,1
小河原 芳信,1
高添 勝史,1
芳林 達史,1
濱路 倫生,1
蔵根 政秀,1
百生 進,1
清高 和廣,1
田多井 竜輔,1
為近 竜夫,1
田生 太雅,1
納多 安男,1
荒張 久晴,1
妙圓薗 正興,1
保崎 朝也,1
沼岡 謙次郎,1
畑谷 のり,1
沙紀 尚浩,1
御手洗 守一,1
宮野原 裕生,1
鳥淵 寛徳,1
金道 善康,1
江渡 祥士,1
尾田原 まさゆき,1
尼崎 亮児,1
青海 和歳,1
美由紀 敏直,1
野部 錦一,1
東狐 徳夫,1
延谷 家康,1
古屋 美千代,2
池谷 奈月,2
清川 英里子,2
須崎 理佳,2
大戸 みさ,2
曽田 李奈,2
漆畑 和希,2
稲福 梨佳,2
目崎 彩花,2
長竹 麻紗子,2
真 由惟,2
道端 理佳子,2
浦郷 若子,2
松方 依里香,2
三間 奈美枝,2
高椋 志緒,2
白 好枝,2
南木 美来,2
勇 佑夏,2
宇津 真珠美,2
市島 まゆり,2
真咲 ミホ,2
桐澤 樹梨,2
矢野川 柚葉,2
冨士本 祐貴,2
前馬 麻裕美,2
旗手 咲輝,2
成影 幸希,2
上渕 七子,2
菰池 周子,2
堂島 万莉子,2
樫内 妙恵,2
黄瀬 友希恵,2
側 愛望,2
十鳥 理世,2
丹部 智恵理,2
四辻 志信,2
鍬崎 華香,2
友繁 なつ紀,2
市ノ澤 亜弥乃,2
橋見 永子,2
安崎 三輪,2
柿ノ木 涼,2
岡田 静果,2
木 アヤカ,2
稀玉 恭香,2
與古田 幸佳,2
蓮音 きき,2
倉恒 裕実,2
上沖 加帆,2
美土路 加依,2
秋 アンジェラ,2
水向 ちいこ,2
太田島 かをる,2
具足 夢見,2
友辺 枝里花,2
長谷美 いく美,2
読売 七海子,2
鬼城 紫歩,2
居森 美衣奈,2
三瓶 容子,2
倉島 志織,2
外崎 明日美,2
楢崎 麻実,2
秋場 真里子,2
富塚 瑠美子,2
楠木 愛華,2
目野 好,2
大南 菜実,2
兼城 アキ,2
隅 結希,2
成本 華菜子,2
日和佐 佳子,2
赤根 有夏,2
安森 芙由子,2
辻尾 一穂,2
大谷津 しげみ,2
滝波 理佐子,2
井久保 美名子,2
中須賀 名美,2
土志田 玲加,2
石巻 美夕紀,2
高光 治香,2
留目 千惠子,2
金川 朱加,2
工 志摩,2
成影 美乃莉,2
大守 喜久恵,2
保月 早妃,2
浩 芽唯,2
上品 織枝,2
秋沢 瑞己,2
大汐 莉衣,2
上坊寺 れおな,2
板岡 有里菜,2
信時 裕季,2
上之浦 由巳,2
角戸 広菜,2
亀若 沙彩,2
舩本 百栄,2
熊取 有李,2
石末 由季絵,2
富満 佐也香,2
麻布 綾海,2
一野瀬 美沙絵,2
鞠 由里亜,2
味谷 能子,2
後田 惠里,2
坪郷 柚実,2
貝渕 和子,2
三ヶ崎 真奈香,2
星影 智聖,2
魚森 真夜,2
小間喜 眞依子,2
袋谷 奈穂実,2
芦 朱紀,2
竝河 衣梨佳,2
宮加谷 きく江,2
保理江 裕理奈,2
八次 千帆子,2
萩原 知世,2
上山 俊子,2
浅利 三枝子,2
花本 絵梨奈,2
楢崎 あずみ,2
西田 八千代,2
嘉陽 愛実,2
角本 沙彩,2
羽村 枝里香,2
元永 紗耶加,2
渕 花音,2
小田垣 千瑛,2
玉垣 梢子,2
染井 唯菜,2
木崎 よしの,2
貞廣 未有,2
案浦 七絵,2
早苗 真都香,2
松月 真未子,2
三林 道世,2
井門 苗子,2
新納 八恵,2
古根 真梨亜,2
米屋 莉衣,2
木野本 身友希,2
槇村 美翔,2
沢柳 沙耶果,2
千尋 江未,2
油田 けいと,2
内丸 未那美,2
岩片 圭恵,2
達富 由美枝,2
蓼沼 未佐子,2
櫛笥 恵美佳,2
西木戸 ゆか子,2
平城 世里子,2
一重 愛里菜,2
梅若 智織,2
脊戸 優乃,2
前塚 滝子,2
沢北 公子,2
箸本 芽生子,2
雨田 郁奈,2
比氣 有梨子,2
章 茉莉菜,2
日野浦 美生子,2
沖室 麻優美,2
古下 静音,2
衣山 康衣,2
東垣 升美,2
富崎 息吹,2
篠尾 琉奈,2
小雪 早紀恵,2
寿田 采也加,2
山猫 美薫,2
神林 三月,2
開原 光歩,2
種瀬 恵利那,2
田母神 聖里菜,2
金藤 波美,2
髙橋 はるか,2
相澤 貴代,2
柴崎 瑛美,2
丸尾 愛花,2
新保 尚代,2
福冨 悠美,2
一條 明香,2
菅生 ユリ,2
池戸 杏理,2
柳 朋枝,2
柴谷 朱理,2
土持 唯奈,2
川野辺 遥加,2
赤西 梨花子,2
丸目 悠花,2
七種 真里絵,2
平河 智晴,2
長阪 仁奈,2
春日野 有里,2
廣見 令,2
大神 結貴,2
末成 修子,2
顔 桐子,2
菅山 知秋,2
伊都 静乃,2
三本松 菜津希,2
草皆 梨花,2
瀬田 芙由美,2
大栗 利衣,2
國富 侑佳,2
善波 チエミ,2
佐取 誠子,2
秋沢 ナオコ,2
上之山 理加子,2
親崎 委子,2
荷川取 紀子,2
北潟 美桜,2
天江 玲名,2
水谷 晴那,2
庵本 幸歩,2
飛山 公子,2
伊知地 保乃香,2
蓬原 悠里香,2
岸塚 由花梨,2
右代宮 芙美江,2
赤藤 みね,2
中養母 砂緒里,2
小国 真愛,2
脇永 安衣子,2
宗守 美千枝,2
包 坂口,2
夏生 充代,2
土井下 道香,2
祐野 有里彩,2
黒後 さだみ,2
分木 早也加,2
手下 幸紀,2
室城 香那恵,2
伯 フサ子,2
汐入 菜海子,2
宮崎 香奈,2
高崎 しのぶ,2
加茂 美歩,2
谷崎 智佳子,2
清川 里帆,2
黒坂 千織,2
糸賀 伶奈,2
白戸 繭,2
白神 小雪,2
坂内 みお,2
桝谷 あつこ,2
冨高 由枝,2
米永 知夏,2
森平 ミキ,2
新堀 昌枝,2
浦嶋 秋乃,2
嶋林 裕希,2
曲渕 亜依子,2
文野 実和子,2
火野 祐里香,2
社領 梓乃,2
俵山 紗耶佳,2
安喜 侑季,2
富士山 慎子,2
羽入田 寿理,2
小名 友花里,2
一田 香歩,2
高塚 淑江,2
鯉淵 麗未,2
小田野 都子,2
林下 暖子,2
角井 晃,2
山梶 喬子,2
桑久保 雪香,2
三栗 江莉奈,2
沢中 心美,2
二石 アイコ,2
海福 沙綺,2
坂牛 唯乃,2
津久居 順美,2
中元寺 真由奈,2
上銘 藍理,2
森冨 瑞規,2
檜山 麻江,2
屈 滝子,2
正武家 菜々瀬,2
竜田 美美,2
室田 ひよこ,2
村塚 弥華,2
槇井 歩,2
西庄 とこ,2
井納 桐,2
上平 沢美,2
弥富 有花子,2
双石 沙佳,2
大嘉 恵見,2
矢幡 一姫,2
山向 乃美,2
水谷 成恵,2
御門 晴惠,2
山元 亜紀,2
今 絵里,2
品田 章子,2
一木 亜未,2
菰田 真実,2
会沢 千絵子,2
梅 佳,2
本川 美由起,2
茶木 路代,2
地引 亜弥,2
永戸 生美,2
薄木 智晶,2
灰谷 由芽,2
網倉 浩江,2
牧浦 七彩,2
山見 紀子,2
道岡 加世,2
才野 佳菜絵,2
須之内 一二三,2
礒村 勝江,2
井久保 安曇,2
望田 レイ子,2
猿山 のあ,2
棟久 明絵,2
原内 栄梨,2
下森 しげ子,2
樫谷 琴海,2
志賀野 映,2
新舘 友貴奈,2
砥山 星奈,2
行天 友奈,2
小曽戸 朝陽,2
小柳出 裕香理,2
大咲 紅緒,2
仙頭 祥,2
祖母井 歩里,2
成ヶ澤 阿紀,2
番園 みづ穂,2
門園 もえ子,2
佐高 祥子,2
加倉田 加名子,2
赤目 利夏,2
雁木 栞莉,2
穐谷 香乃,2
富里 依利子,2
神東 水輝,2
左高 友梨花,2
根深 純香,2
公平 奈々未,2
加知 紗由梨,2
畔元 一美,2
国近 咲香,2
猶本 沙佳,2
管又 ちおり,2
本母 マオ,2
日角 誉里子,2
木藤 祐理恵,2
嵓 弥恵,2
西和田 亘子,2
肥川 亜理香,2
中山 実希,2
守屋 恵,2
池本 周子,2
市瀬 文江,2
清田 江美子,2
江波戸 扶美子,2
松中 美耶,2
鎌野 瑠里,2
潘 麻結,2
菊岡 紅美,2
岩屋 佳寿美,2
宝 恵,2
木屋 三希子,2
山見 ひさみ,2
定森 佳央梨,2
野仲 香波,2
財満 木綿,2
矢竹 留里,2
沖永 彩名,2
秦泉寺 李香,2
牛頭 有美,2
畔田 弥央,2
近山 眞由子,2
花塚 雪,2
世古口 梨歩,2
曽原 小梅,2
鈴木 直見,2
町谷 恵李,2
膳 満紀子,2
浅黄 菜乃,2
民 綾沙,2
見野 マイコ,2
白水 マドカ,2
宝蔵 瑞紀,2
惟村 沙矢子,2
戎谷 早恵,2
古城戸 多映子,2
佐敷 晶世,2
松ヶ迫 穂南,2
折見 鞠奈,2
藏谷 典,2
見尾谷 李帆,2
上萩 甘奈,2
綿岡 教代,2
國邑 章恵,2
塩湯 笑理,2
谷城 満帆,2
角中 従子,2
石櫃 友嘉里,2
巻上 麗沙,2
榎澤 みきえ,2
伊良部 有加莉,2
宗万 未月,2
城之内 絵理沙,2
眞屋 園望,2
臼池 佐百合,2
英数 玲衣子,2
須ヶ間 有莉沙,2
一ノ口 妃紗,2
金兒 安佑子,2
西井 梓,2
上地 まどか,2
片倉 幸,2
田宮 昌代,2
深堀 文香,2
坂崎 かすみ,2
川勝 美喜,2
一條 佳那子,2
山賀 真子,2
柏田 彩那,2
多和田 友,2
會田 希美子,2
奥脇 真理菜,2
鴻池 光咲,2
和賀 夏妃,2
新川 結奈,2
鄧 紀香,2
相生 幾美,2
但木 愛弥,2
徳広 ゆいか,2
沼上 佳加,2
名須川 章乃,2
干田 保美,2
桑垣 富士美,2
奴田原 咲輝,2
風谷 麻奈,2
堂東 琴枝,2
九島 ゆう紀,2
和崎 香葉子,2
辻道 満,2
砂口 唯希,2
駒板 薫子,2
陳野 幸乃,2
嶽釜 之子,2
草道 あさき,2
柴又 二美子,2
野橋 実波,2
豊饒 沙美,2
徳淵 紀衣,2
積山 藍莉,2
井嵜 摩利,2
渡守 千映,2
国末 未織,2
國府 優唯,2
荒良木 万知,2
越永 真乃,2
塀内 多美枝,2
一兜 千泰,2
今居 陽美,2
矢須田 希美代,2
冨加津 八枝子,2
赤畠 藍佳,2
現王園 詩緒理,2
岸沢 ななほ,2
梁木 麻畝,2
實久 早紀恵,2
稲恒 匡恵,2
由貴 夢叶,2
四俣 ひろ恵,2
高細 麗沙,2
安田 美緒,2
辻井 亜沙美,2
関川 菜穂,2
執行 晴奈,2
沼倉 多美子,2
臼倉 よしみ,2
森沢 芳枝,2
團 こず恵,2
氏家 好江,2
斯波 とも,2
折茂 初江,2
肱岡 真規,2
虎谷 彩恵子,2
川合 聡実,2
根石 友華,2
澁川 藍香,2
目代 有樹子,2
牧田 由賀里,2
佐々岡 希未,2
大美 央子,2
蓮 実恵,2
檀野 りかこ,2
濵村 紗矢子,2
下橋 安佐子,2
呉 優香理,2
一ノ倉 有子,2
新沢 由美江,2
梁取 茉奈実,2
久門 もこ,2
竹生 妃菜,2
設樂 亜加音,2
鹿俣 さわ,2
鈴間 冬実,2
尾幡 照江,2
炭竃 朝陽,2
開地 ミナミ,2
早 ことの,2
廣神 寛菜,2
八重幡 眞梨子,2
田邑 智波,2
桃色 しづ子,2
川地 ましろ,2
鬼久保 ゆき美,2
今度 紗千代,2
弥栄 千彩,2
正力 莉枝子,2
丹尾 菜留美,2
佐貝 佐弥子,2
松 愛弓,2
風乃 公栄,2
大聖 妃美子,2
井戸村 禄子,2
香口 千郁,2
二丹 伸,2
會本 永子,2
稲生 小燕,2
料所 衣梨佳,2
小端 万帆,2
手取 たつ,2
扇元 明良,2
松崎 栞,2
根岸 みのり,2
日野 香苗,2
姫野 多恵,2
長嶺 君枝,2
許 千聡,2
高取 まいこ,2
中北 優依,2
蒲池 亜也,2
月野 睦月,2
浦辺 まち子,2
磯谷 麻代,2
和佐 なつ,2
久村 希衣,2
玉垣 珠世,2
三竹 早稀,2
元 飛香,2
才野 伶子,2
須之内 有里絵,2
柿下 准子,2
隆 あゆり,2
馬瀬 名月,2
三日月 泉美,2
喜古 杏子,2
森宮 倫世,2
高幡 羽衣子,2
牧迫 りつ,2
裘 真梨香,2
神出 綺音,2
芹 亜希代,2
木寅 由嘉,2
坂矢 つや子,2
田茂井 美実,2
九津見 明紀子,2
弓座 万有美,2
改田 阿弥,2
光内 春夏,2
石舘 可恵,2
沖藤 羽菜,2
出雲 啓予,2
福増 姫花,2
競馬 美芽,2
千浦 優歌,2
高星 瑠佳,2
貢 裕樹子,2
本重 朝乃,2
近宮 貴穂,2
弓手 亜月,2
下副田 夕穂,2
辺城 幸智子,2
酒井 陽,2
東良 立子,2
保城 美千枝,2
杉嵜 愛彩,2
瓜阪 まま,2
井腰 桜花,2
寸 依久美,2
青陰 もゆる,2
組嶽 亜也美,2
南上 ふづき,2
大島 まゆみ,2
富樫 萌子,2
神山 有紗,2
尾藤 優美,2
北崎 朝美,2
赤崎 結香,2
鄭 麻実,2
首藤 澪,2
漆原 優菜,2
金平 ルミ子,2
薛 映美,2
若葉 知奈美,2
佐東 絢加,2
井熊 美津江,2
小田垣 皐月,2
大川内 雛子,2
軸丸 紗穂,2
吹田 みち代,2
栗下 佳南,2
瀬底 紅美子,2
古味 幸織,2
宗野 華子,2
常石 みさえ,2
左海 唯加,2
淵 享子,2
宮根 萌,2
柞山 友栄,2
井堀 レミ,2
新沢 杏衣,2
松矢 明未,2
常行 那美子,2
津谷 小也香,2
真間 永利子,2
長滝 美智世,2
天川 麻莉絵,2
福庭 円,2
円入 麻喜子,2
古城 のこ,2
鳳山 歩美,2
登澤 海月,2
田附 由架,2
内迫 るい子,2
斉須 夏見,2
有津 靜子,2
館脇 美彩希,2
舛澤 安由,2
堀崎 未桜,2
永丘 椎名,2
津崎 玲依,2
厨川 菜桜,2
伊佐坂 早予子,2
金野 ときこ,2
唐神 千理,2
住元 雄太,2
崔 クレア,2
起塚 きくこ,2
三宅 つくみ,2
築館 七愛,2
邨瀬 安佑子,2
毬山 友記,2
松川 千秋,2
佐山 紗希,2
入口 桃,2
冨士 詩乃,2
吉原 智穂,2
坂場 聖奈,2
柾木 周子,2
施 未奈子,2
椿山 桃代,2
榎原 成実,2
沼本 佳緒里,2
田向 佳歩,2
森坂 実千代,2
國岡 結加,2
左海 志穂子,2
中峯 奈美枝,2
小迫 育江,2
砂 千津子,2
新沢 悠未,2
岩品 美智留,2
池嵜 恵巳,2
大宅 栞理,2
式田 幸香,2
黄木 亜澄,2
楪 奈々枝,2
澤居 佐知恵,2
里脇 千雪,2
原瀬 エマ,2
若柳 理代,2
一青 いつこ,2
最上谷 莉紗子,2
福芳 千絵里,2
永須 清花,2
枝澤 有望,2
和久山 千花,2
黄田 阿弥,2
波羅 奈絵,2
頼成 知恵里,2
野守 とも恵,2
寺分 美慧,2
荒水 美萌,2
多並 三重,2
染中 遼,2
中礒 英花,2
西城戸 美吹,2
帆場 摩季,2
村塚 雪華,2
望月 江実,2
榮岩 スミレ,2
秀樹 悠奈,2
雨下 有利恵,2
新里 彩美,2
百枝 志都,2
祢里 美津樹,2
武舎 丹奈,2
川出 玲南,2
佐子田 セイ,2
蝶間林 知也子,2
西開地 汐海,2
冨士代 愛弥,2
松崎 仁美,2
小宮 沙也加,2
猪俣 晴子,2
植田 希望,2
上田 あさみ,2
谷田部 紗世,2
翁長 紀美子,2
府川 真矢,2
錦織 宏枝,2
新堀 みすず,2
草山 千沙,2
大根 里彩,2
秋津 ことみ,2
武宮 香名,2
木之本 依里子,2
市吉 沙綾香,2
芝村 圭美,2
池沢 朱,2
田野井 友起子,2
山副 麻理菜,2
糀 メグミ,2
梶屋 亜沙,2
常磐 成海,2
劒持 さほり,2
養老 みわこ,2
百村 直見,2
竿田 香月,2
若槇 万結,2
藤野 幸佳,2
不老 美祐,2
義平 あっこ,2
鷹栖 璃歩,2
田儀 菜絵,2
岡吉 ゆき菜,2
費 路世,2
城座 加名子,2
八隅 悠季,2
麻生 瑞穂,2
蟹井 千惠美,2
鳥島 奏音,2
田保 真一,2
上ノ山 由起,2
佐尾 志保実,2
五戸 沙友美,2
八牟礼 侑衣子,2
岡所 三智代,2
蒲田 三由希,2
真志田 千瑞,2
振角 結希子,2
漢 豊実,2
見川 アイリン,2
百原 準,2
小屋原 昭世,2
下平尾 郁音,2
角平 巻,2
柴小屋 サヨ子,2
完戸 伊公子,2
里平 綾紗,2
凩 三月,2
星隈 裕樹,2
砂川 千尋,2
芝田 有里,2
矢嶋 和恵,2
栗木 麗,2
土佐 ちえみ,2
丸川 奏子,2
斎木 和世,2
住谷 珠実,2
鍵山 真佐子,2
樋上 りん,2
上谷 弓,2
金崎 裕美,2
鵜殿 風子,2
渡會 香保里,2
雲井 依里子,2
多根 瑞江,2
麻生 よしの,2
伊串 温子,2
粟澤 由里加,2
秀平 その子,2
山荘 美南子,2
清谷 奈弓,2
髙 一絵,2
岡武 二美,2
中砂 海,2
岩邊 利果,2
居川 かのん,2
川市 宏奈,2
大利 安曇,2
床尾 千彰,2
柏葉 菜見,2
保浦 明佳,2
齊川 麗未,2
三箇 佳,2
奥武 瑞紀,2
何 沙輝,2
去来川 邦香,2
新飯田 和夏子,2
天坂 衿花,2
杉生 英奈,2
水戸守 結芽,2
門多 亜哉,2
元女 莉加子,2
川浜 明沙美,2
北名 良絵,2
田重田 渉美,2
厚井 志央理,2
渕口 とし江,2
連山 紀和子,2
道淵 如恵,2
適当 暁菜,2
移川 林子,2
志木 ミユ,2
正嵜 沙里菜,2
米矢 紗瑛子,2
堀米 加耶,2
佐地 りべか,2
雪見 比嘉,2
來間 昌奈,2
傳野 真葉,2
坂下 香代子,2
大庭 有貴,2
秋吉 史佳,2
小野塚 紗弥,2
杉崎 優季,2
白山 夏姫,2
古舘 未奈美,2
中馬 敬子,2
伊勢田 由姫,2
成川 里華,2
大日方 希世子,2
國方 夕香里,2
松口 佐季子,2
中俣 みえこ,2
青森 絵美香,2
川和 美可,2
島立 満希子,2
菅村 エミリ,2
今原 有子,2
小鷹狩 潤美,2
外狩 ナツミ,2
小齋 結愛,2
林山 類子,2
上司 望海,2
押村 登志江,2
四月朔日 結華,2
膳 知映,2
水柿 教恵,2
寄元 李花,2
小井出 寛枝,2
伊縫 冴佳,2
若吉 美奈,2
黒川 早奈美,2
音泉 麗衣,2
蘇芳 裕依,2
方田 友利,2
町塚 久視子,2
松任 ?,2
泉崎 麻生,2
三岡 寿子,2
錦野 聖,2
岸塚 由祐子,2
榎田 牧絵,2
光葉 まろん,2
岡峰 麻伊子,2
平宮 喜子,2
小塙 祐布子,2
早尻 智沙子,2
中嶽 真愛,2
戸袋 イツ子,2
道辻 志乃,2
浪木 成香,2
二井見 佑茉,2
阿部山 妙子,2
井成 亜弥奈,2
高実子 七奈美,2
伯田 河合,2
河原塚 千束,2
板楠 柔,2
玉響 紗野,2
小西 加奈,2
豊田 夏樹,2
曽根 早希子,2
外山 真麻,2
辻田 美玲,2
古木 加那子,2
藤居 真有,2
渡会 早央里,2
寺脇 美惠子,2
村嶋 依里子,2
露口 麻優,2
坂尻 育,2
星井 李佳,2
井芹 咲乃,2
横矢 芳実,2
納 栄理,2
暁 沙矢加,2
三雲 朱花,2
望月 絵利奈,2
眞崎 友愛,2
高江 弓華,2
河波 茉莉亜,2
堅田 麻寿美,2
笹生 祝子,2
大塲 優莉,2
掛江 愛貴,2
梅尾 美美,2
外田 朱子,2
嚴 紗衣子,2
木佐森 富久美,2
中右 志津枝,2
又賀 万琴,2
上町 しげ美,2
摂津 亜耶美,2
土田 友映,2
景安 美吹,2
楠亀 コウ,2
米花 結稀,2
向 眞希子,2
子川 和海,2
橋住 紗耶可,2
阪内 恒美,2
渡部 莉音,2
新盛 知夏,2
柿坪 天野,2
木高 千香代,2
古井戸 菜七,2
木場田 玲伊子,2
鷹谷 君予,2
川戸 掌子,2
萬年山 舞帆,2
葛籠貫 里可子,2
雲峰 礼夏,2
上江田 正世,2
矢迫 光佐,2
駄々 雅菜,2
町河 令那,2
積木 周,2
上條 睦,2
番澤 友里衣,2
大島 かおり,2
小野田 加奈子,2
持田 幸恵,2
深沢 彰子,2
海津 美優,2
大曽根 幸乃,2
本井 美智,2
時枝 摩美,2
尾木 文絵,2
逢坂 知香子,2
山道 枝美,2
有野 ゆりな,2
天笠 逸子,2
近本 麻奈未,2
成山 祐美,2
浅谷 綾希子,2
勝倉 麻千子,2
内木 明,2
貫名 みず穂,2
小守 菜々実,2
汐崎 貴久美,2
勅使河原 のぞ美,2
陣 木綿,2
入谷 来未,2
砥綿 万記子,2
志喜屋 トモコ,2
坂和 未絵,2
登美 ハルカ,2
升谷 由恵,2
城福 花乃子,2
本房 美沙代,2
新穂 菜海,2
牧戸 未有希,2
三巻 浩乃,2
枇杷木 愛衣,2
水貝 麻佐子,2
鉄野 靖奈,2
江邉 味佳,2
守尾 紀世美,2
半渡 松江,2
八町 直生,2
洪水 由,2
西垣内 遼,2
岩目地 えり菜,2
殿木 のえる,2
石持 利佐,2
身崎 ミサキ,2
定木 明日可,2
明嵐 絵瑠,2
霜竹 円加,2
舞園 結月,2
恩地 帆南美,2
正光 那菜子,2
程野 聖加,2
馴田 紗友莉,2
穂森 あり沙,2
荒若 ヒデ子,2
正子 香衣,2
鶴房 朱美子,2
錦澤 張,2
竹下 未希,2
大嶽 公子,2
入口 恵理香,2
今林 美春,2
住谷 ゆりえ,2
井桁 清香,2
吉竹 更紗,2
巣山 寧々,2
力石 茉優,2
國安 瑠衣子,2
鯨岡 沙綾香,2
潮崎 瑛理,2
吉峰 奈見,2
古谷 みよ,2
塩村 怜子,2
嵩原 祐加子,2
澤地 晶,2
頴川 菜保子,2
鳳 紗枝,2
弓削田 安世,2
細越 渚紗,2
卯野 はずき,2
魚本 柚里,2
志智 有可里,2
箱山 花江,2
高麗 里見,2
平峰 亜由香,2
稲住 綺音,2
相武 弘乃,2
盛林 多美江,2
幸崎 真里香,2
桒山 麻巳,2
神 こと,2
伊與 美尋,2
保田 ちせ,2
遅野井 亜季奈,2
燕昇司 安加里,2
芳之内 絵里衣,2
戸次 加納子,2
小城 咲良,2
濱垣 由利奈,2
周参見 カヲル,2
源元 知亜季,2
広告 扶実,2
炭竈 未桜,2
戸内 留梨,2
冴木 美苑,2
庄谷 李絵,2
宿本 トヨ子,2
三ツ屋 彩英,2
三軒 奈々未,2
墨田 華実,2
手崎 絵美佳,2
玉記 ふさこ,2
二杉 澪里,2
野端 早智代,2
呑 美良,2
飯阪 衣津美,2
延谷 訓代,2
上吹越 侑実,2
花井 さくら,2
赤羽 晴子,2
馬渡 明里,2
君塚 麻央,2
伊田 夕貴,2
米満 茉莉子,2
前原 亜佑美,2
江橋 周子,2
水尾 利恵,2
橋山 智子,2
文山 友紀恵,2
薄田 里恵子,2
愛田 梨佐,2
植平 莉歩,2
榛澤 ちえこ,2
新潟 早姫,2
沼田 愛音,2
開田 生子,2
齊籐 奈子,2
俵山 紗瑛,2
珍田 菜苗,2
石ヶ森 三紗,2
吉鶴 阿子,2
岩邊 有実子,2
音川 賀世子,2
野宗 美乃理,2
唐谷 賢子,2
直村 都子,2
原之園 俊枝,2
蔦川 来夢,2
詩 彩,2
午来 愛沙美,2
重長 依里奈,2
鯰江 郁弥,2
入口 伶菜,2
遅野井 朋果,2
二口 たみ子,2
石海 文,2
玉崎 貴和,2
色 里衣,2
是井 暖子,2
門多 基代,2
榁木 李帆,2
井清 千雅,2
桂嶋 みくり,2
常光 将子,2
門家 良絵,2
善利 瑠利子,2
蓮間 亜也乃,2
棚澤 知聡,2
世 南実,2
内西 香恵子,2
智 利乃,2
道順 志都子,2
高藏 アンジェラ,2
水梨 佳英子,2
法城 百希,2
館 マリサ,2
鋪田 サンドラ,2
日野谷 保葉,2
沼田 悠,2
保田 育子,2
河端 美恵,2
永沼 汐里,2
繁田 紫織,2
淺井 知実,2
出野 夏菜,2
衞藤 沙和,2
寺原 迪子,2
信太 紗也子,2
矢本 ちなつ,2
福屋 和子,2
和光 早耶香,2
三辻 富貴子,2
川合 美岐,2
甘粕 李恵,2
常泉 結女,2
友川 せいら,2
織内 友起子,2
一ノ倉 喜美江,2
綾田 梨江子,2
西間木 トモコ,2
中谷内 美沙恵,2
恵木 麻以子,2
二松 笑佳,2
太郎良 敬子,2
徳毛 瀬里香,2
館岡 千仁,2
髙畠 実知子,2
赤田 朋果,2
生森 多寿子,2
生地 明紀子,2
加崎 浅美,2
角坂 経子,2
油原 春夏,2
席 喜世子,2
宿野 夢月,2
糸屋 盛子,2
宮内 悠貴子,2
本平 倭子,2
? 佐知代,2
家亀 明日可,2
苗木 杏香,2
東塚 聖奈子,2
葛綿 モニカ,2
宗仲 愛惟,2
溝道 暁奈,2
隠居 芙貴子,2
酒屋 具美,2
木津谷 蒔子,2
延吉 夕起,2
箱田 麗奈,2
紫尾田 星華,2
吉野 連,2
能米 茉裕子,2
栗芝 梨予,2
山一 記世,2
来須 茉梨乃,2
井場元 恭加,2
胡中 一夏,2
坪内 理子,2
飯尾 愛佳,2
本城 朗子,2
永澤 有加里,2
岩沢 香保里,2
公文 麻実子,2
永末 真彩,2
根上 澄枝,2
矢本 貴和子,2
稲留 尊子,2
久川 ちか子,2
白田 初代,2
重吉 佑美,2
吉留 美裕,2
今川 末子,2
柏倉 慈子,2
宇野澤 静穂,2
中曽 武子,2
都筑 花蓮,2
池ノ上 真姫,2
朝日奈 映美,2
北嶋 麻理香,2
長曽我部 亜加里,2
皆方 弓華,2
高馬 利依,2
和久利 輝世,2
小田野 裕季,2
一本木 みちか,2
平屋 美友貴,2
甲島 りつ,2
濱端 怜美,2
釣船 麻予,2
麻島 有美,2
汾陽 瑠見子,2
通事 有麻,2
解 愛生,2
佐武 アヤ子,2
宝本 鈴江,2
山 貴世美,2
延永 理嘉,2
柴咲 好栄,2
釘野 祐麻,2
飯塚 佐幸,2
真賀田 悠生,2
沖洲 菜名,2
常念 鶴子,2
谷川 さやの,2
猪山 恵梨加,2
荒鹿 友梨乃,2
掛谷 奈々未,2
休場 勝美,2
金口 華奈,2
須戸 陵,2
地福 佑希乃,2
乳井 優佳理,2
横辻 真椰,2
貝嶋 香名恵,2
古溝 希織,2
鴛尾 恭,2
佛坂 なゆみ,2
田淵 幸,2
桝田 百恵,2
山之内 保子,2
石塚 茉由,2
小谷 桃花,2
上林 風香,2
渕野 由麻,2
樺山 ふみ子,2
逆井 麻理恵,2
高見沢 嘉美,2
高口 絵麻,2
桃山 詩音,2
矢追 恵奈,2
鹿取 恵梨佳,2
武 寛恵,2
吉嶺 郁香,2
上嶋 小枝,2
安西 織衣,2
大園 のぶ子,2
烏谷 美津紀,2
御子神 喜美江,2
平久保 悠菜,2
谷端 礼菜,2
古木 のぶえ,2
窪倉 紗梨,2
伊左治 三穂子,2
宮久 優美,2
師田 百合枝,2
横治 知永,2
田邨 夏佳,2
西須 未悠,2
宇仁 舞依子,2
砂野 にこ,2
櫻町 恭枝,2
笹田 涼奈,2
駒米 恵未子,2
井邊 マリン,2
村端 奈純,2
鹿児嶋 絵利佳,2
猿丸 大好き,2
出納 みのる,2
東濱 奈菜実,2
三津 裕奈,2
氣仙 悠有,2
日川 さや華,2
千谷 貴栄,2
杉生 寛未,2
相波 みきえ,2
短田 衣世,2
尾迫 由歌,2
小倉 裕理香,2
鎌森 靖佳,2
中向 紀江,2
崎花 真紀江,2
大久 絵弥,2
美濃岡 知重,2
竺長 弥恵,2
神 朝香,2
外戸口 かづえ,2
二井矢 茉生,2
熊谷 いずみ,2
松島 美保子,2
坂上 邦子,2
関戸 奈穂,2
洪 千華,2
本吉 希実,2
三森 慶,2
舩越 和佳,2
糸賀 秋乃,2
井島 孝江,2
浪川 彩芽,2
大城 珠未,2
倉又 冬子,2
稲尾 莉絵,2
平栗 修子,2
折居 哲子,2
天草 貴子,2
武宮 加津子,2
藤城 たかね,2
浅野目 菊江,2
成見 朗子,2
有安 智子,2
眞榮城 衿奈,2
楳原 ふじ子,2
向野 月美,2
室崎 友花,2
小瀬古 宏奈,2
明里 桃江,2
明田 伊万里,2
垰田 亜妃子,2
手 保恵,2
久保出 楽,2
星賀 未祐,2
小長谷 衣久美,2
亀子 琴海,2
足高 真穂子,2
船迫 ふき,2
富元 優里恵,2
舘谷 沙智代,2
東澤 安衣,2
黒 由紀絵,2
藤髙 英理佳,2
仲神 公乃,2
会田 結芽,2
小谷川 杏由美,2
片淵 奈々香,2
木永 思織,2
上奥 祐恵,2
丸西 はなみ,2
妙楽 悠佳里,2
弥山 トシエ,2
細堀 多真美,2
宮本 満帆,2
小鷹狩 実也子,2
畑中 珠生,2
椋尾 事務局,2
西亀 芹佳,2
大生 みゅう,2
船脇 藍奈,2
北後 サヨ子,2
